﻿pos_x,pos_y,rotation,side,designator,mpn,pack,footprint,value,mount_type
135.21,-55.55,0.0,top,C1,,,C_Radial_D5.0mm_H11.0mm_P2.00mm,47U,tht
107.66,-82.4,0.0,top,C10,,,C_Rect_L26.5mm_W10.5mm_P22.50mm_MKS4,0.22uF,tht
107.66,-94.45,0.0,top,C11,,,C_Rect_L26.5mm_W10.5mm_P22.50mm_MKS4,0.22uF,tht
107.66,-106.5,0.0,top,C12,,,C_Rect_L26.5mm_W10.5mm_P22.50mm_MKS4,0.22uF,tht
135.21,-62.1,0.0,top,C2,,,C_Radial_D5.0mm_H11.0mm_P2.00mm,47u,tht
175.4,-54.0,0.0,top,C3,,,C_Disc_D4.3mm_W1.9mm_P5.00mm,220nF,tht
135.21,-68.65,0.0,top,C4,,,C_Radial_D5.0mm_H11.0mm_P2.00mm,47U,tht
175.4,-57.45,0.0,top,C5,,,C_Disc_D4.3mm_W1.9mm_P5.00mm,1nF,tht
175.4,-60.9,0.0,top,C6,,,C_Disc_D4.3mm_W1.9mm_P5.00mm,220nF,tht
135.21,-75.2,0.0,top,C7,,,C_Radial_D5.0mm_H11.0mm_P2.00mm,22u,tht
107.66,-58.3,0.0,top,C8,,,C_Rect_L26.5mm_W10.5mm_P22.50mm_MKS4,0.22uF,tht
107.66,-70.35,0.0,top,C9,,,C_Rect_L26.5mm_W10.5mm_P22.50mm_MKS4,0.22uF,tht
155.99,-102.95,0.0,top,D1,,,D_DO-201AD_P15.24mm_Horizontal,UF5408,tht
155.99,-109.7,0.0,top,D2,,,D_DO-201AD_P15.24mm_Horizontal,UF5408,tht
155.99,-116.45,0.0,top,D3,,,D_DO-201AD_P15.24mm_Horizontal,UF5408,tht
154.6,-58.51,0.0,top,J2,,,"TerminalBlock_Phoenix_MKDS-1,5-2-5.08_1x02_P5.08mm_Horizontal",Screw_Terminal_01x02,tht
154.6,-70.37,0.0,top,J3,,,"TerminalBlock_Phoenix_MKDS-1,5-2-5.08_1x02_P5.08mm_Horizontal",Screw_Terminal_01x02,tht
135.56,-104.7,0.0,top,L1,,,L_Radial_D8.7mm_P5.00mm_Fastron_07HCP,33uH,tht
135.56,-114.95,0.0,top,L2,,,L_Radial_D8.7mm_P5.00mm_Fastron_07HCP,33uH,tht
142.72,-56.2,0.0,top,Q1,,,TO-220-3_Vertical,IRLZ44N,tht
142.72,-62.16,0.0,top,Q2,,,TO-220-3_Vertical,IRLZ44N,tht
164.73,-53.85,0.0,top,R1,,,R_Axial_DIN0204_L3.6mm_D1.6mm_P7.62mm_Horizontal,10k,tht
164.73,-57.0,0.0,top,R2,,,R_Axial_DIN0204_L3.6mm_D1.6mm_P7.62mm_Horizontal,10k,tht
164.73,-60.15,0.0,top,R3,,,R_Axial_DIN0204_L3.6mm_D1.6mm_P7.62mm_Horizontal,R,tht
164.73,-63.3,0.0,top,R4,,,R_Axial_DIN0204_L3.6mm_D1.6mm_P7.62mm_Horizontal,10,tht
164.73,-66.45,0.0,top,R5,,,R_Axial_DIN0204_L3.6mm_D1.6mm_P7.62mm_Horizontal,10,tht
164.73,-69.6,0.0,top,R6,,,R_Axial_DIN0204_L3.6mm_D1.6mm_P7.62mm_Horizontal,10k,tht
164.73,-72.75,0.0,top,R7,,,R_Axial_DIN0204_L3.6mm_D1.6mm_P7.62mm_Horizontal,10k,tht
121.47,-118.095,0.0,top,U1,,,DIP794W45P254L959H508Q8,LM393,tht
106.51,-114.6,0.0,top,U2,,,DIP-8_W7.62mm,TLC555xP,tht
146.987,-107.295,0.0,top,U3,,,74HC04,74HC04,tht
175.23,-101.65,0.0,top,U4,,,DIP-14_W7.62mm,IR2113,tht
142.72,-68.12,0.0,top,U5,,,TO-220-3_Vertical,LM7805_TO220,tht
142.72,-74.08,0.0,top,U6,,,TO-220-3_Vertical,LM7812_TO220,tht
156.625,-90.005,0.0,top,U7,,,MH-M28,MH-M28,tht
