﻿Designator,Quantity,Value,Footprint,Package,MPN,DNP,Mount_Type,Description,Sim.Device,Sim.Pins
"C1, C4",2,47U,C_Radial_D5.0mm_H11.0mm_P2.00mm,,,,tht,Polarized capacitor,,
"C10, C11, C12, C8, C9",5,0.22uF,C_Rect_L26.5mm_W10.5mm_P22.50mm_MKS4,,,,tht,Unpolarized capacitor,,
C2,1,47u,C_Radial_D5.0mm_H11.0mm_P2.00mm,,,,tht,Polarized capacitor,,
"C3, C6",2,220nF,C_Disc_D4.3mm_W1.9mm_P5.00mm,,,,tht,Unpolarized capacitor,,
C5,1,1nF,C_Disc_D4.3mm_W1.9mm_P5.00mm,,,,tht,Unpolarized capacitor,,
C7,1,22u,C_Radial_D5.0mm_H11.0mm_P2.00mm,,,,tht,Unpolarized capacitor,,
"D1, D2, D3",3,UF5408,D_DO-201AD_P15.24mm_Horizontal,,,,tht,"1000V 3A Soft Recovery Ultrafast Rectifier Diode, DO-201AD",D,1=K 2=A
"J2, J3",2,Screw_Terminal_01x02,"TerminalBlock_Phoenix_MKDS-1,5-2-5.08_1x02_P5.08mm_Horizontal",,,,tht,"Generic screw terminal, single row, 01x02, script generated (kicad-library-utils/schlib/autogen/connector/)",,
"L1, L2",2,33uH,L_Radial_D8.7mm_P5.00mm_Fastron_07HCP,,,,tht,Inductor,,
"Q1, Q2",2,IRLZ44N,TO-220-3_Vertical,,,,tht,"47A Id, 55V Vds, 22mOhm Rds Single N-Channel HEXFET Power MOSFET, TO-220AB",,
"R1, R2, R6, R7",4,10k,R_Axial_DIN0204_L3.6mm_D1.6mm_P7.62mm_Horizontal,,,,tht,"[R1,R2,R6]Resistor; [R7]Variable resistor",,
R3,1,R,R_Axial_DIN0204_L3.6mm_D1.6mm_P7.62mm_Horizontal,,,,tht,Resistor,,
"R4, R5",2,10,R_Axial_DIN0204_L3.6mm_D1.6mm_P7.62mm_Horizontal,,,,tht,Resistor,,
U1,1,LM393,DIP794W45P254L959H508Q8,,,,tht,"Low-Power, Low-Offset Voltage, Dual Comparators, DIP-8/SOIC-8/TO-99-8",,
U2,1,TLC555xP,DIP-8_W7.62mm,,,,tht,"Single LinCMOS Timer, 555 compatible, PDIP-8",,
U3,1,74HC04,74HC04,,,,tht,Hex Inverter,,
U4,1,IR2113,DIP-14_W7.62mm,,,,tht,"High and Low Side Driver, 600V, 2.0/2.0A, PDIP-14",,
U5,1,LM7805_TO220,TO-220-3_Vertical,,,,tht,"Positive 1A 35V Linear Regulator, Fixed Output 5V, TO-220",,
U6,1,LM7812_TO220,TO-220-3_Vertical,,,,tht,"Positive 1A 35V Linear Regulator, Fixed Output 12V, TO-220",,
U7,1,MH-M28,MH-M28,,,,tht,,,
